{"type":"Topology","arcs":[[[3929,320],[69,-7],[8,-135],[-39,-39],[-12,-91],[-40,31],[-79,-79],[-24,6],[-70,4],[-71,97],[-15,75],[-66,98],[3,52],[74,-10],[111,-39],[62,16],[89,21]],[[1465,1295],[-121,-59],[-99,-26],[-22,-59],[-42,-46],[-97,-3],[-72,-10],[-101,21],[-83,-13],[-78,-5],[-68,-60],[-34,5],[-57,-32],[-55,-36],[-83,4],[-77,0],[-121,73],[-62,21],[3,65],[56,15],[20,26],[-4,41],[14,79],[-13,67],[-61,115],[-18,64],[5,65],[-46,74],[-3,33],[-51,45],[-14,89],[-65,90],[-16,48],[50,-49],[-38,105],[56,-33],[34,-43],[-2,58],[-56,89],[-11,36],[-27,33],[13,66],[23,28],[16,57],[-13,66],[48,82],[8,-87],[49,78],[93,38],[55,48],[88,42],[52,9],[31,-14],[90,42],[70,13],[17,25],[30,10],[64,-3],[120,33],[62,51],[29,60],[67,58],[6,45],[3,62],[80,96],[48,-98],[48,23],[-40,53],[36,55],[50,-24],[14,86],[63,56],[27,45],[58,19],[1,32],[51,-14],[2,29],[50,16],[55,16],[85,-53],[63,-67],[72,0],[73,-11],[-25,62],[55,91],[52,30],[-18,28],[50,65],[69,40],[58,-14],[97,22],[-3,58],[-83,37],[61,16],[75,-28],[61,-46],[96,-29],[33,11],[71,-35],[67,33],[43,-10],[27,22],[52,-56],[-30,-61],[-44,-46],[-39,-4],[13,-45],[-33,-57],[-41,-55],[8,-32],[91,-63],[88,-36],[59,-39],[83,-67],[32,0],[60,-29],[17,-35],[109,-39],[76,39],[22,61],[24,50],[14,62],[35,90],[-16,55],[8,33],[-13,65],[15,86],[22,23],[-18,37],[27,61],[22,62],[3,32],[5,5],[59,0],[11,-18],[8,-71],[28,-14],[5,-47],[42,-58],[8,-64],[-4,-41],[42,-89],[73,42],[38,-48],[55,-44],[-12,-50],[24,-97],[18,-57],[29,-14],[31,-97],[-11,-58],[37,-77],[124,-60],[80,-53],[77,-50],[-15,-27],[66,-71],[44,-123],[46,25],[46,-49],[28,17],[20,-120],[81,-70],[53,-43],[89,-92],[17,-47],[0,-631],[-12,-44],[-51,-103],[-85,-56],[-41,-88],[-39,-56],[-33,-98],[-45,-56],[-29,-85],[-14,-78],[6,-36],[-66,-39],[-128,-5],[-106,-46],[-52,-44],[-69,-49],[-95,51],[-70,20],[18,59],[-63,-22],[-100,-82],[-99,31],[-65,18],[-65,8],[-111,33],[-74,70],[-21,86],[-27,57],[-56,46],[-110,14],[38,55],[-28,84],[-56,-79],[-102,-21],[60,63],[17,66],[45,55],[-10,84],[-93,-97],[-71,-38],[-44,-91],[-89,47],[3,60],[-71,82],[-61,43],[22,26],[-147,69],[-80,3],[-110,55],[-205,-10],[-148,-41],[-130,-38],[-110,8]]],"transform":{"scale":[0.008741689865932902,0.008820161422530299],"translate":[113.3389530782624,-43.6345972633621]},"objects":{"ne_110m_admin_0_countries":{"type":"GeometryCollection","geometries":[{"arcs":[[[0]],[[1]]],"type":"MultiPolygon","properties":{"featurecla":"Admin-0 country","scalerank":1,"LABELRANK":2,"SOVEREIGNT":"Australia","SOV_A3":"AU1","ADM0_DIF":1,"LEVEL":2,"TYPE":"Country","TLC":"1","ADMIN":"Australia","ADM0_A3":"AUS","GEOU_DIF":0,"GEOUNIT":"Australia","GU_A3":"AUS","SU_DIF":0,"SUBUNIT":"Australia","SU_A3":"AUS","BRK_DIFF":0,"NAME":"Australia","NAME_LONG":"Australia","BRK_A3":"AUS","BRK_NAME":"Australia","BRK_GROUP":"","ABBREV":"Auz.","POSTAL":"AU","FORMAL_EN":"Commonwealth of Australia","FORMAL_FR":"","NAME_CIAWF":"Australia","NOTE_ADM0":"","NOTE_BRK":"","NAME_SORT":"Australia","NAME_ALT":"","MAPCOLOR7":1,"MAPCOLOR8":2,"MAPCOLOR9":2,"MAPCOLOR13":7,"POP_EST":25364307,"POP_RANK":15,"POP_YEAR":2019,"GDP_MD":1396567,"GDP_YEAR":2019,"ECONOMY":"2. Developed region: nonG7","INCOME_GRP":"1. High income: OECD","FIPS_10":"AS","ISO_A2":"AU","ISO_A2_EH":"AU","ISO_A3":"AUS","ISO_A3_EH":"AUS","ISO_N3":"036","ISO_N3_EH":"036","UN_A3":"036","WB_A2":"AU","WB_A3":"AUS","WOE_ID":-90,"WOE_ID_EH":23424748,"WOE_NOTE":"Includes Ashmore and Cartier Islands (23424749) and Coral Sea Islands (23424790).","ADM0_ISO":"AUS","ADM0_DIFF":"","ADM0_TLC":"AUS","ADM0_A3_US":"AUS","ADM0_A3_FR":"AUS","ADM0_A3_RU":"AUS","ADM0_A3_ES":"AUS","ADM0_A3_CN":"AUS","ADM0_A3_TW":"AUS","ADM0_A3_IN":"AUS","ADM0_A3_NP":"AUS","ADM0_A3_PK":"AUS","ADM0_A3_DE":"AUS","ADM0_A3_GB":"AUS","ADM0_A3_BR":"AUS","ADM0_A3_IL":"AUS","ADM0_A3_PS":"AUS","ADM0_A3_SA":"AUS","ADM0_A3_EG":"AUS","ADM0_A3_MA":"AUS","ADM0_A3_PT":"AUS","ADM0_A3_AR":"AUS","ADM0_A3_JP":"AUS","ADM0_A3_KO":"AUS","ADM0_A3_VN":"AUS","ADM0_A3_TR":"AUS","ADM0_A3_ID":"AUS","ADM0_A3_PL":"AUS","ADM0_A3_GR":"AUS","ADM0_A3_IT":"AUS","ADM0_A3_NL":"AUS","ADM0_A3_SE":"AUS","ADM0_A3_BD":"AUS","ADM0_A3_UA":"AUS","ADM0_A3_UN":-99,"ADM0_A3_WB":-99,"CONTINENT":"Oceania","REGION_UN":"Oceania","SUBREGION":"Australia and New Zealand","REGION_WB":"East Asia & Pacific","NAME_LEN":9,"LONG_LEN":9,"ABBREV_LEN":4,"TINY":-99,"HOMEPART":1,"MIN_ZOOM":0,"MIN_LABEL":1.7,"MAX_LABEL":5.7,"LABEL_X":134.04972,"LABEL_Y":-24.129522,"NE_ID":1159320355,"WIKIDATAID":"Q408","NAME_AR":"أستراليا","NAME_BN":"অস্ট্রেলিয়া","NAME_DE":"Australien","NAME_EN":"Australia","NAME_ES":"Australia","NAME_FA":"استرالیا","NAME_FR":"Australie","NAME_EL":"Αυστραλία","NAME_HE":"אוסטרליה","NAME_HI":"ऑस्ट्रेलिया","NAME_HU":"Ausztrália","NAME_ID":"Australia","NAME_IT":"Australia","NAME_JA":"オーストラリア","NAME_KO":"오스트레일리아","NAME_NL":"Australië","NAME_PL":"Australia","NAME_PT":"Austrália","NAME_RU":"Австралия","NAME_SV":"Australien","NAME_TR":"Avustralya","NAME_UK":"Австралія","NAME_UR":"آسٹریلیا","NAME_VI":"Úc","NAME_ZH":"澳大利亚","NAME_ZHT":"澳大利亞","FCLASS_ISO":"Admin-0 country","TLC_DIFF":"","FCLASS_TLC":"Admin-0 country","FCLASS_US":"","FCLASS_FR":"","FCLASS_RU":"","FCLASS_ES":"","FCLASS_CN":"","FCLASS_TW":"","FCLASS_IN":"","FCLASS_NP":"","FCLASS_PK":"","FCLASS_DE":"","FCLASS_GB":"","FCLASS_BR":"","FCLASS_IL":"","FCLASS_PS":"","FCLASS_SA":"","FCLASS_EG":"","FCLASS_MA":"","FCLASS_PT":"","FCLASS_AR":"","FCLASS_JP":"","FCLASS_KO":"","FCLASS_VN":"","FCLASS_TR":"","FCLASS_ID":"","FCLASS_PL":"","FCLASS_GR":"","FCLASS_IT":"","FCLASS_NL":"","FCLASS_SE":"","FCLASS_BD":"","FCLASS_UA":""}}]}}}